,Date,company_name,price_at_close,price_change,price_after_hours,previous_close,today opened,price range,52 week range,volume,average volume,market cap,beta (3Y Monthly),PE Ratio,EPS,earnings date,Dividend Yield,1Y target est
1,Jun 13 2021,Exxon Mobil Corporation (XOM),"4,247.44",+8.26,,62.75,63.01,62.14 - 63.19,31.11 - 64.02,"17,228,143","25,549,807",263.198B,1.41,N/A,-4.47,"Jul 29, 2021 - Aug 02, 2021",3.48 (5.88%),64.44
2,Jun 13 2021,Occidental Petroleum Corporation (OXY),"4,247.44",+8.26,,28.33,28.52,28.21 - 28.96,8.52 - 32.52,"10,674,807","17,121,698",26.445B,2.53,N/A,-17.06,"Aug 09, 2021 - Aug 13, 2021",0.04 (0.15%),31.09
3,Jun 13 2021,Chevron Corporation (CVX),"4,247.44",+8.26,,108.41,108.84,107.86 - 108.97,65.16 - 113.11,"7,730,609","9,647,642",208.057B,1.32,N/A,-4.12,"Jul 29, 2021 - Aug 02, 2021",5.36 (5.08%),120.33
4,Jun 13 2021,Berkshire Hathaway Inc. (BRK-A),"4,247.44",+8.26,,"427,156.00","428,558.00","428,000.00 - 431,351.12","262,700.00 - 445,000.00","1,201",39,654.119B,0.90,6.51,"66,140.91",N/A,N/A (N/A),"462,750.00"
5,Jun 13 2021,"Flagstar Bancorp, Inc. (FBC)","4,247.44",+8.26,,45.08,45.16,45.00 - 45.54,26.34 - 51.58,"180,310","728,914",2.388B,1.71,4.76,9.52,"Jul 26, 2021 - Jul 30, 2021",0.24 (0.51%),54.56
6,Jun 13 2021,"Palo Alto Networks, Inc. (PANW)","4,247.44",+8.26,,362.45,362.45,362.45 - 367.45,217.48 - 403.00,"746,451","1,003,419",35.575B,1.39,N/A,-3.84,"Aug 23, 2021 - Aug 27, 2021",N/A (N/A),444.58
7,Jun 13 2021,"EPAM Systems, Inc. (EPAM)","4,247.44",+8.26,,505.63,504.27,501.64 - 510.46,225.70 - 510.46,"283,752","322,452",28.674B,1.36,90.80,5.60,"Aug 04, 2021 - Aug 09, 2021",N/A (N/A),496.71
8,Jun 13 2021,"The Trade Desk, Inc. (TTD)","4,247.44",+8.26,,590.27,595.93,591.61 - 607.60,345.00 - 972.80,"611,428","949,533",28.509B,2.48,121.17,4.95,"Aug 04, 2021 - Aug 09, 2021",N/A (N/A),670.74
9,Jun 13 2021,"Match Group, Inc. (MTCH)","4,247.44",+8.26,,141.88,141.69,139.71 - 141.78,85.49 - 174.68,"1,473,391","2,025,471",38.245B,N/A,290.10,0.49,"Aug 02, 2021 - Aug 06, 2021",N/A (N/A),167.41
10,Jun 13 2021,Siemens Aktiengesellschaft (SIEGY),"4,247.44",+8.26,,82.39,82.74,82.39 - 83.02,54.30 - 88.17,"98,233","130,928",132.334B,1.12,25.88,3.20,N/A,2.11 (2.56%),103.33
11,Jun 13 2021,"Intuitive Surgical, Inc. (ISRG)","4,247.44",+8.26,,859.14,860.00,855.37 - 864.30,543.03 - 893.79,"445,172","544,839",102.341B,1.00,88.92,9.72,"Jul 19, 2021 - Jul 23, 2021",N/A (N/A),889.14
12,Jun 13 2021,"Advanced Micro Devices, Inc. (AMD)","4,247.44",+8.26,,81.56,81.61,80.70 - 82.33,48.42 - 99.23,"24,310,894","42,976,846",98.793B,2.06,34.14,2.38,"Jul 26, 2021 - Jul 30, 2021",N/A (N/A),104.34
13,Jun 13 2021,Alphabet Inc. (GOOG),"4,247.44",+8.26,,"2,521.60","2,524.92","2,498.50 - 2,526.99","1,347.01 - 2,526.99","1,262,309","1,354,995",1.667T,1.00,33.50,75.04,N/A,N/A (N/A),"2,625.00"
14,Jun 13 2021,Alphabet Inc. (GOOGL),"4,247.44",+8.26,,"2,435.13","2,440.00","2,418.96 - 2,441.72","1,351.65 - 2,441.72","1,097,907","1,521,477",1.645T,1.00,32.39,75.04,"Jul 28, 2021 - Aug 02, 2021",N/A (N/A),"2,745.42"
15,Jun 13 2021,International Business Machines Corporation (IBM),"4,247.44",+8.26,,150.54,150.43,150.37 - 151.85,105.92 - 152.84,"3,438,255","5,081,185",135.172B,1.23,25.31,5.98,"Jul 19, 2021",6.56 (4.58%),143.82
16,Jun 13 2021,Microsoft Corporation (MSFT),"4,247.44",+8.26,,257.24,257.98,256.61 - 258.49,184.01 - 263.19,"18,999,731","26,498,915",1.942T,0.79,35.14,7.34,"Jul 20, 2021 - Jul 26, 2021",2.24 (0.90%),293.37
17,Jun 13 2021,Apple Inc. (AAPL),"4,247.44",+8.26,,126.11,126.53,126.10 - 127.44,83.14 - 145.09,"53,522,373","88,994,153",2.125T,1.22,28.62,4.45,"Jul 28, 2021 - Aug 02, 2021",0.88 (0.69%),159.85
18,Jun 13 2021,"Tesla, Inc. (TSLA)","4,247.44",+8.26,,610.12,610.23,601.55 - 612.54,181.70 - 900.40,"16,205,303","31,123,647",587.525B,2.01,611.11,1.00,"Jul 20, 2021 - Jul 26, 2021",N/A (N/A),661.00
19,Jun 13 2021,"Amazon.com, Inc. (AMZN)","4,247.44",+8.26,,"3,349.65","3,349.65","3,333.45 - 3,366.58","2,508.00 - 3,554.00","2,817,352","3,445,304",1.688T,1.12,63.67,52.56,"Jul 28, 2021 - Aug 02, 2021",N/A (N/A),"4,239.43"
20,Jun 13 2021,"Rockwell Automation, Inc. (ROK)","4,247.44",+8.26,,281.67,282.92,280.21 - 284.23,200.60 - 284.23,"988,380","649,015",32.983B,1.38,20.94,13.57,"Jul 26, 2021 - Jul 30, 2021",4.28 (1.63%),274.89
21,Jun 13 2021,Cognex Corporation (CGNX),"4,247.44",+8.26,,79.70,80.00,79.30 - 80.21,53.65 - 101.82,"423,517","751,222",14.12B,1.66,79.95,1.00,"Jul 27, 2021 - Aug 02, 2021",0.24 (0.30%),90.79
22,Jun 13 2021,iRobot Corporation (IRBT),"4,247.44",+8.26,,94.99,95.79,94.90 - 96.25,67.55 - 197.40,"313,124","525,293",2.721B,1.33,15.98,6.00,"Jul 27, 2021",N/A (N/A),116.33
23,Jun 13 2021,KION GROUP AG (KIGRY),"4,247.44",+8.26,,27.33,26.93,26.88 - 27.11,14.24 - 28.30,"4,541","13,041",14.041B,1.33,38.63,0.70,N/A,0.12 (0.48%),N/A
24,Jun 13 2021,Canopy Growth Corporation (CGC),"4,247.44",+8.26,,25.66,25.78,25.57 - 26.23,13.83 - 56.50,"2,118,632","3,559,247",9.905B,2.17,N/A,-5.24,"Aug 09, 2021 - Aug 13, 2021",N/A (N/A),N/A
25,Jun 13 2021,Aurora Cannabis Inc. (ACB),"4,247.44",+8.26,,9.89,9.96,9.69 - 10.01,3.71 - 18.98,"3,499,205","7,822,722",1.954B,3.16,N/A,-15.75,"May 13, 2021",N/A (N/A),N/A
26,Jun 13 2021,ABB Ltd (ABB),"4,247.44",+8.26,,34.63,34.60,34.45 - 34.65,20.58 - 35.28,"981,102","1,405,365",69.249B,1.09,13.64,2.53,N/A,0.87 (2.68%),36.94
27,Jun 13 2021,Novartis AG (NVS),"4,247.44",+8.26,,93.50,93.26,92.53 - 93.26,77.04 - 98.52,"1,370,019","1,881,130",207.899B,0.51,26.64,3.48,N/A,3.20 (3.74%),105.13
28,Jun 13 2021,"salesforce.com, inc. (CRM)","4,247.44",+8.26,,240.19,239.03,238.41 - 240.37,171.27 - 284.50,"4,624,184","5,710,161",221.622B,1.09,54.87,4.38,"Aug 23, 2021 - Aug 27, 2021",N/A (N/A),278.21
29,Jun 13 2021,Oracle Corporation (ORCL),"4,247.44",+8.26,,82.30,81.98,81.84 - 83.24,50.91 - 85.03,"10,913,062","12,343,965",235.392B,0.77,19.84,4.18,"Jun 14, 2021 - Jun 18, 2021",1.28 (1.66%),72.97
30,Jun 13 2021,"Five9, Inc. (FIVN)","4,247.44",+8.26,,165.36,165.45,163.57 - 166.19,99.29 - 201.75,"354,627","665,360",11.113B,0.42,N/A,-0.72,"Aug 02, 2021 - Aug 06, 2021",N/A (N/A),206.63
31,Jun 13 2021,JPMorgan Chase & Co. (JPM),"4,247.44",+8.26,,160.40,160.43,159.06 - 161.18,90.78 - 167.44,"13,683,774","13,917,984",485.214B,1.21,12.71,12.61,"Jul 13, 2021",3.60 (2.32%),166.63
32,Jun 13 2021,U.S. Bancorp (USB),"4,247.44",+8.26,,58.61,58.78,58.58 - 59.22,34.01 - 62.47,"5,659,339","7,006,552",88.533B,1.16,15.61,3.79,"Jul 15, 2021",1.68 (2.77%),62.29
33,Jun 13 2021,"American Electric Power Company, Inc. (AEP)","4,247.44",+8.26,,84.73,84.64,84.40 - 85.13,74.80 - 94.21,"3,334,722","2,956,473",42.359B,0.25,18.55,4.57,"Aug 04, 2021 - Aug 09, 2021",2.96 (3.35%),97.10
34,Jun 13 2021,The Charles Schwab Corporation (SCHW),"4,247.44",+8.26,,72.62,72.89,72.85 - 73.97,31.63 - 76.37,"6,886,948","7,069,898",139.353B,1.08,31.89,2.32,"Jul 14, 2021 - Jul 19, 2021",0.72 (1.03%),81.39
35,Jun 13 2021,"United Parcel Service, Inc. (UPS)","4,247.44",+8.26,,203.20,203.66,201.83 - 205.24,99.59 - 219.59,"2,645,283","3,690,342",176.665B,1.00,34.31,5.92,"Jul 27, 2021",4.08 (1.90%),215.39
36,Jun 13 2021,"Uber Technologies, Inc. (UBER)","4,247.44",+8.26,,49.55,50.03,49.53 - 50.36,28.39 - 64.05,"11,820,123","19,122,161",93.387B,N/A,N/A,-3.86,"Aug 04, 2021 - Aug 09, 2021",N/A (N/A),68.90
37,Jun 13 2021,"Lyft, Inc. (LYFT)","4,247.44",+8.26,,55.66,55.73,55.13 - 56.40,21.34 - 68.28,"3,654,329","7,018,614",18.48B,2.41,N/A,-5.61,"Aug 10, 2021 - Aug 16, 2021",N/A (N/A),69.08
38,Jun 13 2021,"NIKE, Inc. (NKE)","4,247.44",+8.26,,130.98,131.50,130.53 - 131.99,93.44 - 147.95,"5,414,527","6,918,777",208.461B,0.88,61.68,2.14,"Jun 23, 2021 - Jun 28, 2021",1.10 (0.84%),164.61
39,Jun 13 2021,The Boeing Company (BA),"4,247.44",+8.26,,248.34,250.35,245.78 - 251.12,141.58 - 278.57,"9,934,179","14,299,865",144.612B,1.69,N/A,-20.55,"Jul 27, 2021 - Aug 02, 2021",N/A (N/A),262.83
40,Jun 13 2021,Carlisle Companies Incorporated (CSL),"4,247.44",+8.26,,187.21,188.42,187.24 - 189.82,109.72 - 197.21,"190,837","287,003",9.893B,1.02,33.22,5.71,"Jul 22, 2021",2.10 (1.09%),216.00
41,Jun 13 2021,Marathon Petroleum Corporation (MPC),"4,247.44",+8.26,,63.44,63.70,63.16 - 64.00,26.56 - 64.84,"3,631,472","7,098,184",41.191B,2.17,N/A,-15.14,"Aug 02, 2021 - Aug 06, 2021",2.32 (4.06%),69.31
42,Jun 13 2021,"Delek US Holdings, Inc. (DK)","4,247.44",+8.26,,23.75,23.83,23.16 - 24.11,8.92 - 27.38,"1,249,752","800,149",1.714B,2.10,N/A,-8.26,"Aug 02, 2021 - Aug 06, 2021",N/A (N/A),26.71
43,Jun 13 2021, (RDS.B),"4,247.44",+8.26,,N/A,N/A,N/A,N/A,N/A,N/A,N/A,N/A,N/A,N/A,N/A,N/A,N/A
44,Jun 13 2021,Royal Dutch Shell plc (RDS-B),"4,247.44",+8.26,,37.81,38.32,38.15 - 38.42,21.79 - 42.29,"2,423,767","3,297,714",154.372B,1.03,N/A,-4.11,N/A,1.39 (3.77%),55.71
45,Jun 13 2021,TotalEnergies SE (TOT),"4,247.44",+8.26,,48.59,48.75,48.15 - 49.01,28.65 - 50.41,"3,217,953","1,994,074",127.038B,1.11,N/A,-1.64,N/A,3.09 (6.41%),56.13
46,Jun 13 2021,Valero Energy Corporation (VLO),"4,247.44",+8.26,,81.94,82.54,81.24 - 82.86,35.44 - 84.95,"2,194,502","3,605,941",33.228B,2.19,N/A,-0.69,"Jul 28, 2021 - Aug 02, 2021",3.92 (5.02%),91.47
47,Jun 13 2021,Ecopetrol S.A. (EC),"4,247.44",+8.26,,13.18,13.24,13.04 - 13.27,8.50 - 14.47,"313,747","1,032,257",26.918B,1.09,6.13,2.14,N/A,0.09 (0.80%),14.60
48,Jun 13 2021,"CVR Energy, Inc. (CVI)","4,247.44",+8.26,,18.55,19.06,18.73 - 19.77,9.81 - 27.02,"1,558,905","724,495",1.916B,1.98,N/A,-2.07,"Aug 02, 2021 - Aug 06, 2021",N/A (N/A),22.17
49,Jun 13 2021,IAC/InterActiveCorp (IAC),"4,247.44",+8.26,,151.37,152.50,149.24 - 153.90,58.68 - 179.12,"939,967","984,351",13.624B,N/A,51.47,2.97,"May 06, 2021",N/A (N/A),271.58
50,Jun 13 2021,Zebra Technologies Corporation (ZBRA),"4,247.44",+8.26,,508.63,511.02,505.81 - 511.48,244.32 - 518.66,"157,766","296,652",27.203B,1.63,54.38,9.35,"Aug 03, 2021 - Aug 06, 2021",N/A (N/A),529.11
51,Jun 13 2021,Dell Technologies Inc. (DELL),"4,247.44",+8.26,,103.79,103.50,101.81 - 104.11,45.62 - 104.62,"1,801,675","2,464,425",79.302B,0.93,24.64,4.22,"Aug 26, 2021",N/A (N/A),113.51
52,Jun 13 2021,Adobe Inc. (ADBE),"4,247.44",+8.26,,535.52,529.75,529.75 - 541.85,397.00 - 541.85,"2,871,289","2,263,993",258.722B,0.95,47.12,11.49,"Jun 17, 2021",N/A (N/A),570.53
53,Jun 13 2021,"The Home Depot, Inc. (HD)","4,247.44",+8.26,,308.31,309.27,308.36 - 311.23,234.31 - 345.69,"2,347,707","4,234,514",334.146B,1.05,26.03,11.94,"Aug 17, 2021",6.60 (2.10%),345.58
54,Jun 13 2021,"Lowe's Companies, Inc. (LOW)","4,247.44",+8.26,,188.78,189.88,189.30 - 191.69,123.09 - 215.22,"2,690,569","3,996,117",136.845B,1.36,24.62,7.75,"Aug 18, 2021",2.40 (1.20%),228.17
55,Jun 13 2021,The New York Times Company (NYT),"4,247.44",+8.26,,41.85,41.99,41.37 - 41.99,37.21 - 58.73,"931,836","1,807,942",7.039B,0.85,69.10,0.60,"Aug 03, 2021 - Aug 09, 2021",0.28 (0.61%),52.00
56,Jun 13 2021,Eli Lilly and Company (LLY),"4,247.44",+8.26,,233.54,227.03,221.56 - 229.59,129.21 - 235.85,"5,635,963","3,655,166",215.01B,0.26,33.55,6.68,"Aug 03, 2021",3.40 (1.81%),213.73
57,Jun 13 2021,"Merck & Co., Inc. (MRK)","4,247.44",+8.26,,76.14,76.71,75.60 - 76.86,68.44 - 83.78,"12,856,285","12,968,586",193.062B,0.43,27.54,2.77,"Jul 29, 2021",2.60 (3.42%),93.29
58,Jun 13 2021,Pfizer Inc. (PFE),"4,247.44",+8.26,,40.68,40.66,39.95 - 40.67,29.99 - 43.08,"20,608,147","27,618,190",223.963B,0.65,23.52,1.71,"Jul 26, 2021 - Jul 30, 2021",1.56 (3.90%),42.62
59,Jun 13 2021,Zoetis Inc. (ZTS),"4,247.44",+8.26,,182.10,182.00,179.61 - 182.63,130.41 - 182.85,"1,604,069","1,788,963",86.542B,0.62,53.27,3.42,"Aug 04, 2021 - Aug 09, 2021",1.00 (0.58%),191.27
60,Jun 13 2021,Johnson & Johnson (JNJ),"4,247.44",+8.26,,167.08,167.07,164.22 - 167.08,133.65 - 173.65,"7,389,922","7,184,107",434.406B,0.72,29.14,5.66,"Jul 21, 2021",4.24 (2.57%),186.65
61,Jun 13 2021,AbbVie Inc. (ABBV),"4,247.44",+8.26,,116.24,116.24,114.87 - 116.36,79.11 - 118.28,"4,012,219","7,021,082",203.697B,0.81,39.62,2.91,"Jul 29, 2021 - Aug 02, 2021",5.20 (4.57%),123.82
62,Jun 13 2021,McDonald's Corporation (MCD),"4,247.44",+8.26,,234.59,235.00,234.71 - 237.50,178.88 - 238.18,"2,643,218","2,758,047",176.773B,0.62,34.38,6.89,"Jul 26, 2021 - Jul 30, 2021",5.16 (2.19%),257.58
63,Jun 13 2021,The Coca-Cola Company (KO),"4,247.44",+8.26,,55.91,55.99,55.65 - 56.21,43.51 - 56.48,"11,789,998","15,251,073",242.144B,0.62,33.63,1.67,"Jul 19, 2021 - Jul 23, 2021",1.68 (3.07%),59.53
64,Jun 13 2021,Starbucks Corporation (SBUX),"4,247.44",+8.26,,112.21,112.28,112.18 - 112.82,71.06 - 118.98,"3,231,182","6,145,876",132.629B,0.87,132.58,0.85,"Jul 27, 2021",1.80 (1.61%),124.03
65,Jun 13 2021,"Netflix, Inc. (NFLX)","4,247.44",+8.26,,487.27,490.00,487.81 - 491.40,415.42 - 593.29,"3,123,969","4,043,219",216.722B,0.79,59.15,8.26,"Jul 14, 2021 - Jul 19, 2021",N/A (N/A),613.68
66,Jun 13 2021,The Walt Disney Company (DIS),"4,247.44",+8.26,,176.57,177.45,176.81 - 178.49,108.02 - 203.02,"5,475,458","8,838,604",321.991B,1.21,N/A,-2.74,"Aug 02, 2021 - Aug 06, 2021",N/A (N/A),207.32
67,Jun 13 2021,Opera Limited (OPRA),"4,247.44",+8.26,,10.13,10.15,9.93 - 10.73,6.83 - 13.93,"315,073","241,582",1.232B,1.13,6.37,1.68,"Aug 18, 2021 - Aug 23, 2021",N/A (N/A),16.23
68,Jun 13 2021,General Electric Company (GE),"4,247.44",+8.26,,13.63,13.65,13.57 - 13.78,5.93 - 14.42,"42,211,679","61,401,841",120.18B,1.09,N/A,-0.45,"Jul 27, 2021 - Aug 02, 2021",0.04 (0.30%),14.97
69,Jun 13 2021,"T-Mobile US, Inc. (TMUS)","4,247.44",+8.26,,146.51,146.58,144.37 - 146.65,100.11 - 148.70,"4,072,850","4,342,876",181.224B,0.57,54.91,2.65,"Aug 04, 2021 - Aug 09, 2021",N/A (N/A),164.86
70,Jun 13 2021,Garmin Ltd. (GRMN),"4,247.44",+8.26,,142.60,143.42,142.84 - 144.76,90.60 - 145.20,"452,325","668,171",27.815B,1.06,26.47,5.47,"Jul 27, 2021 - Aug 02, 2021",2.68 (1.94%),145.71
71,Jun 13 2021,Newmont Corporation (NEM),"4,247.44",+8.26,,71.06,70.92,69.92 - 70.98,53.16 - 75.31,"4,827,157","6,930,144",56.33B,0.26,22.06,3.19,"Jul 28, 2021 - Aug 02, 2021",2.20 (3.44%),75.53
72,Jun 13 2021,Gerdau S.A. (GGB),"4,247.44",+8.26,,6.34,6.43,6.32 - 6.45,2.54 - 7.27,"9,154,648","19,915,950",10.275B,1.38,25.31,0.25,N/A,0.08 (1.32%),7.29
73,Jun 13 2021,"Facebook, Inc. (FB)","4,247.44",+8.26,,332.46,332.58,328.94 - 332.83,207.11 - 338.30,"13,587,916","18,861,833",939.275B,1.29,28.38,11.67,"Jul 28, 2021 - Aug 02, 2021",N/A (N/A),386.26
74,Jun 13 2021,China Tower Corporation Limited (CHWRF),"4,247.44",+8.26,,0.1352,0.1400,0.1352 - 0.1352,0.1100 - 0.2500,3,"28,598",24.12B,0.20,22.53,0.0060,N/A,0.00 (2.45%),N/A
75,Jun 13 2021,YASKAWA Electric Corporation (YASKY),"4,247.44",+8.26,,94.29,93.35,93.35 - 93.93,66.37 - 117.02,"3,663","4,995",12.508B,1.48,70.79,1.33,N/A,0.45 (0.47%),N/A
76,Jun 13 2021,Halliburton Company (HAL),"4,247.44",+8.26,,23.91,24.11,23.87 - 24.31,10.60 - 25.00,"4,832,152","8,944,068",21.38B,2.92,N/A,-1.99,"Jul 19, 2021 - Jul 23, 2021",0.18 (0.86%),23.30
77,Jun 13 2021,HEICO Corporation (HEI),"4,247.44",+8.26,,145.04,145.39,142.38 - 145.66,92.45 - 148.95,"463,529","332,850",18.235B,1.26,75.05,1.91,"Aug 23, 2021 - Aug 27, 2021",0.16 (0.11%),141.50
78,Jun 13 2021,"Ulta Beauty, Inc. (ULTA)","4,247.44",+8.26,,332.01,333.13,333.00 - 338.54,186.01 - 351.72,"497,654","796,507",18.747B,1.71,108.83,3.11,"Aug 26, 2021",N/A (N/A),369.37
79,Jun 13 2021,"Gaming and Leisure Properties, Inc. (GLPI)","4,247.44",+8.26,,47.84,47.87,47.51 - 47.91,31.93 - 48.92,"725,370","949,514",11.141B,0.99,20.03,2.39,"Jul 28, 2021 - Aug 02, 2021",2.60 (5.57%),50.97
80,Jun 13 2021,Encompass Health Corporation (EHC),"4,247.44",+8.26,,83.25,83.37,82.91 - 84.27,58.99 - 89.68,"926,583","591,630",8.354B,1.15,27.50,3.05,"Jul 26, 2021 - Jul 30, 2021",1.12 (1.33%),96.05
81,Jun 13 2021,"East West Bancorp, Inc. (EWBC)","4,247.44",+8.26,,71.54,72.08,71.28 - 72.86,30.49 - 82.53,"571,198","783,058",10.221B,1.89,16.34,4.41,"Jul 21, 2021 - Jul 26, 2021",1.32 (1.73%),88.18
82,Jun 13 2021,The Middleby Corporation (MIDD),"4,247.44",+8.26,,167.05,167.70,167.80 - 169.55,70.50 - 186.20,"365,203","692,801",9.424B,1.72,45.06,3.76,"Aug 03, 2021 - Aug 09, 2021",N/A (N/A),217.71
83,Jun 13 2021,Crane Co. (CR),"4,247.44",+8.26,,91.49,92.07,91.43 - 92.57,48.19 - 99.93,"220,502","252,747",5.367B,1.70,23.79,3.87,"Jul 26, 2021 - Jul 30, 2021",1.72 (1.81%),112.00
84,Jun 13 2021,Kemper Corporation (KMPR),"4,247.44",+8.26,,72.11,72.33,72.19 - 72.68,60.89 - 85.70,"190,105","249,874",4.683B,0.76,10.30,7.04,"Aug 02, 2021 - Aug 06, 2021",1.24 (1.63%),91.25
85,Jun 13 2021,"Flowers Foods, Inc. (FLO)","4,247.44",+8.26,,24.64,24.73,24.52 - 24.73,21.55 - 25.48,"755,947","1,096,620",5.216B,0.27,34.27,0.72,"Aug 04, 2021 - Aug 09, 2021",0.80 (3.30%),24.83
86,Jun 13 2021,"Ollie's Bargain Outlet Holdings, Inc. (OLLI)","4,247.44",+8.26,,85.45,85.47,85.41 - 87.66,75.75 - 123.52,"541,379","1,004,147",5.611B,1.23,23.76,3.68,"Aug 25, 2021 - Aug 30, 2021",N/A (N/A),98.54
87,Jun 13 2021,The Timken Company (TKR),"4,247.44",+8.26,,85.12,85.72,84.04 - 86.18,41.33 - 92.39,"374,487","517,573",6.439B,1.78,20.49,4.14,"Aug 02, 2021 - Aug 06, 2021",1.16 (1.36%),99.10
88,Jun 13 2021,Mercury General Corporation (MCY),"4,247.44",+8.26,,60.08,60.20,60.07 - 60.70,38.99 - 67.88,"155,748","268,442",3.359B,0.44,8.96,6.77,"Aug 02, 2021 - Aug 06, 2021",2.53 (3.98%),N/A
89,Jun 13 2021,The Chemours Company (CC),"4,247.44",+8.26,,37.18,37.59,37.08 - 37.95,13.81 - 38.87,"897,004","1,293,811",6.18B,2.12,29.09,1.29,"Jul 28, 2021 - Aug 02, 2021",1.00 (3.17%),35.90
90,Jun 13 2021,"Enphase Energy, Inc. (ENPH)","4,247.44",+8.26,,143.50,143.31,140.64 - 147.46,37.81 - 229.04,"2,516,420","3,197,844",19.965B,1.24,218.62,0.67,"Aug 02, 2021 - Aug 06, 2021",N/A (N/A),190.61
91,Jun 13 2021,"Kinsale Capital Group, Inc. (KNSL)","4,247.44",+8.26,,161.36,162.66,162.19 - 163.60,141.85 - 252.70,"64,970","113,571",3.729B,0.78,32.48,5.03,"Jul 28, 2021 - Aug 02, 2021",0.44 (0.27%),195.02
92,Jun 13 2021,"Walker & Dunlop, Inc. (WD)","4,247.44",+8.26,,99.83,100.82,99.91 - 101.31,45.35 - 114.77,"88,472","160,512",3.121B,1.31,13.12,7.69,"Aug 03, 2021 - Aug 09, 2021",2.00 (1.77%),116.67
93,Jun 13 2021,The Cheesecake Factory Incorporated (CAKE),"4,247.44",+8.26,,56.86,57.75,56.00 - 58.10,19.78 - 65.81,"4,925,907","833,779",2.607B,1.79,N/A,-3.24,"Jul 27, 2021 - Aug 02, 2021",N/A (N/A),61.92
94,Jun 13 2021,Minerals Technologies Inc. (MTX),"4,247.44",+8.26,,82.65,83.15,82.72 - 83.70,42.06 - 88.62,"102,233","134,160",2.807B,1.49,25.26,3.29,"Jul 28, 2021 - Aug 02, 2021",0.20 (0.25%),93.00
95,Jun 13 2021,Tompkins Financial Corporation (TMP),"4,247.44",+8.26,,82.63,83.38,82.66 - 83.42,54.32 - 92.80,"15,522","38,141",1.226B,0.71,12.94,6.39,"Jan 29, 2021",2.16 (2.61%),83.50
96,Jun 13 2021,"Raven Industries, Inc. (RAVN)","4,247.44",+8.26,,43.04,43.12,42.70 - 43.59,19.45 - 47.43,"135,516","288,438",1.559B,1.52,83.60,0.52,"Aug 24, 2021 - Aug 30, 2021",N/A (N/A),49.50
97,Jun 13 2021,"Interface, Inc. (TILE)","4,247.44",+8.26,,16.26,16.30,16.21 - 16.50,5.88 - 17.11,"376,215","391,439",961.11M,2.13,N/A,-1.23,"Aug 05, 2021 - Aug 09, 2021",0.04 (0.27%),19.00
98,Jun 13 2021,Callon Petroleum Company (CPE),"4,247.44",+8.26,,48.24,48.72,47.91 - 49.49,4.50 - 52.50,"894,440","2,041,222",2.26B,3.46,N/A,-63.79,"Aug 02, 2021 - Aug 06, 2021",N/A (N/A),39.57
99,Jun 13 2021,Heritage Commerce Corp (HTBK),"4,247.44",+8.26,,11.75,11.86,11.77 - 11.99,6.13 - 12.65,"288,823","290,234",710.198M,1.23,15.82,0.75,"Jul 21, 2021 - Jul 26, 2021",0.52 (4.41%),13.40
100,Jun 13 2021,"Myers Industries, Inc. (MYE)","4,247.44",+8.26,,21.23,21.35,21.25 - 21.55,12.75 - 23.98,"49,213","147,042",770.511M,1.46,20.94,1.02,"May 06, 2021",0.54 (2.38%),25.00
101,Jun 13 2021,"Turning Point Brands, Inc. (TPB)","4,247.44",+8.26,,45.04,45.37,44.74 - 45.53,23.58 - 61.08,"66,868","185,125",858.803M,0.57,22.14,2.04,"Jul 26, 2021 - Jul 30, 2021",0.22 (0.46%),63.80
102,Jun 13 2021,CNB Financial Corporation (CCNE),"4,247.44",+8.26,,23.76,23.92,23.82 - 24.25,13.95 - 26.85,"32,849","35,915",405.906M,1.03,11.00,2.18,"Jul 19, 2021 - Jul 23, 2021",0.68 (2.67%),28.33
103,Jun 13 2021,"Lawson Products, Inc. (LAWS)","4,247.44",+8.26,,59.55,59.27,59.25 - 60.52,28.26 - 62.10,"3,087","10,060",540.366M,1.00,89.62,0.67,"Jul 28, 2021 - Aug 02, 2021",N/A (N/A),64.00
104,Jun 13 2021,Farmers National Banc Corp. (FMNB),"4,247.44",+8.26,,16.83,16.90,16.90 - 17.10,10.05 - 18.26,"52,521","67,709",483.439M,1.01,10.15,1.68,"Jul 27, 2021 - Aug 02, 2021",0.44 (2.61%),18.25
105,Jun 13 2021,"West Bancorporation, Inc. (WTBA)","4,247.44",+8.26,,28.31,28.55,28.36 - 28.59,15.50 - 29.90,"44,381","34,200",470.984M,0.99,12.98,2.19,"Jul 21, 2021 - Jul 26, 2021",0.96 (3.60%),28.00
106,Jun 13 2021,Ryerson Holding Corporation (RYI),"4,247.44",+8.26,,15.79,15.85,15.25 - 16.12,4.99 - 19.46,"165,391","119,568",586.627M,1.57,N/A,-1.73,"May 05, 2021",N/A (N/A),15.50
107,Jun 13 2021,"Donnelley Financial Solutions, Inc. (DFIN)","4,247.44",+8.26,,31.35,31.35,31.35 - 32.09,7.44 - 33.30,"115,864","232,692",1.088B,2.15,N/A,-0.76,"Aug 03, 2021 - Aug 09, 2021",N/A (N/A),32.00
108,Jun 13 2021,Xerox Holdings Corporation (XRX),"4,247.44",+8.26,,25.09,25.27,25.12 - 25.53,14.51 - 26.96,"1,891,650","2,673,915",4.851B,1.85,23.91,1.06,"Jul 26, 2021 - Jul 30, 2021",1.00 (4.19%),19.00
109,Jun 13 2021,The Goodyear Tire & Rubber Company (GT),"4,247.44",+8.26,,18.13,18.18,18.08 - 18.80,7.28 - 20.70,"4,106,460","4,012,574",4.406B,2.26,N/A,-2.66,"Jul 29, 2021 - Aug 02, 2021",N/A (N/A),19.50
110,Jun 13 2021,The Progressive Corporation (PGR),"4,247.44",+8.26,,94.02,94.29,93.25 - 94.43,75.25 - 107.59,"2,641,236","2,661,401",54.77B,0.47,8.51,11.00,"Jun 15, 2021 - Jun 21, 2021",0.40 (0.39%),103.58
111,Jun 13 2021,The Allstate Corporation (ALL),"4,247.44",+8.26,,131.41,131.93,131.42 - 132.83,84.97 - 140.00,"1,538,250","2,048,744",39.564B,0.83,7.61,17.31,"Aug 04, 2021",3.24 (2.53%),143.83
112,Jun 13 2021,Cincinnati Financial Corporation (CINF),"4,247.44",+8.26,,121.55,121.77,121.19 - 122.00,58.62 - 124.37,"262,568","719,106",19.622B,0.65,6.46,18.85,"Jul 26, 2021 - Jul 30, 2021",2.52 (2.17%),115.20
113,Jun 13 2021,Hooker Furniture Corporation (HOFT),"4,247.44",+8.26,,40.01,40.12,40.12 - 41.00,17.52 - 42.90,"65,549","56,879",478.827M,0.94,N/A,-0.88,"Apr 14, 2021",0.72 (1.91%),51.00
114,Jun 13 2021,Coastal Financial Corporation (CCB),"4,247.44",+8.26,,30.25,30.19,29.49 - 30.32,11.58 - 33.76,"14,444","24,282",358.921M,1.28,19.81,1.51,"Jul 26, 2021 - Jul 30, 2021",N/A (N/A),34.75
115,Jun 13 2021,"Esquire Financial Holdings, Inc. (ESQ)","4,247.44",+8.26,,25.03,24.92,24.92 - 25.14,14.00 - 26.79,"7,725","19,334",195.746M,1.19,13.47,1.86,"Jul 22, 2021 - Jul 26, 2021",N/A (N/A),29.00
116,Jun 13 2021,"Riverview Bancorp, Inc. (RVSB)","4,247.44",+8.26,,6.82,6.91,6.75 - 6.97,3.77 - 7.79,"57,781","60,753",151.5M,0.85,14.43,0.47,"Jan 28, 2021",0.20 (2.86%),7.50
117,Jun 13 2021,First American Financial Corporation (FAF),"4,247.44",+8.26,,65.27,65.53,65.31 - 66.03,44.05 - 66.92,"551,644","723,531",7.244B,1.19,8.55,7.72,"Jul 22, 2021",1.84 (2.80%),74.60
118,Jun 13 2021,"PayPal Holdings, Inc. (PYPL)","4,247.44",+8.26,,269.47,268.75,268.40 - 271.87,152.22 - 309.14,"4,494,584","6,842,219",318.753B,1.15,76.68,3.54,"Jul 27, 2021 - Aug 02, 2021",N/A (N/A),313.07
